<?xml version="1.0" encoding="UTF-8"?>
<beans xmlns="http://www.springframework.org/schema/beans"
    xmlns:xsi="http://www.w3.org/2001/XMLSchema-instance"
    xmlns:p="http://www.springframework.org/schema/p"
    xmlns:context="http://www.springframework.org/schema/context"
    xmlns:mvc="http://www.springframework.org/schema/mvc"
    xsi:schemaLocation="http://www.springframework.org/schema/beans
        http://www.springframework.org/schema/beans/spring-beans-3.1.xsd
        http://www.springframework.org/schema/context
        http://www.springframework.org/schema/context/spring-context-3.1.xsd
        http://www.springframework.org/schema/mvc
 http://www.springframework.org/schema/mvc/spring-mvc-3.2.xsd">  
 <mvc:annotation-driven/> 
<context:component-scan base-package="etourpack"/>
 <!-- Hibernate Configuration -->
    <bean id="dataSource"
        class="org.springframework.jdbc.datasource.DriverManagerDataSource">

        <property name="driverClassName" value="com.mysql.jdbc.Driver" />
        <property name="url" value="jdbc:mysql://localhost:3306/mydb" />
        <property name="username" value="root" />
        <property name="password" value="root" />
    </bean>

 <!-- Hibernate template configuration -->
   
       <bean id="sessionFactory"
        class="org.springframework.orm.hibernate3.annotation.AnnotationSessionFactoryBean">

        <property name="dataSource" ref="dataSource" />
        <property name="hibernateProperties">
            <props>
                <prop key="hibernate.dialect">org.hibernate.dialect.MySQLDialect</prop>
                <prop key="hibernate.show_sql">true</prop>
                <prop key="hibernate.hbm2ddl.auto">update</prop>

            </props>
        </property>
        <property name="annotatedClasses">
            <list>
                  <value>etourpack.Register</value>
            </list>
        </property>
   </bean>
	    <bean id="template" class="org.springframework.orm.hibernate3.HibernateTemplate">  
	    <property name="sessionFactory" ref="sessionFactory"></property>  
	    </bean>
<bean id="viewResolver"
    class="org.springframework.web.servlet.view.UrlBasedViewResolver">
    <property name="viewClass">
        <value>
            org.springframework.web.servlet.view.tiles2.TilesView
        </value>
    </property>
</bean>
<bean id="tilesConfigurer"
    class="org.springframework.web.servlet.view.tiles2.TilesConfigurer">
    <property name="definitions">
        <list>
            <value>/WEB-INF/tiles.xml</value>
        </list>
    </property>
</bean>
<bean id="viewResolver1" class="org.springframework.web.servlet.view.InternalResourceViewResolver">
	<property name="viewClass" value="org.springframework.web.servlet.view.JstlView"/>
	<property name="prefix" value="/"/>
	<property name="suffix" value=".jsp"/>
</bean>
</beans>
