<?xml version="1.0" encoding="UTF-8" ?>
<!DOCTYPE tiles-definitions PUBLIC
       "-//Apache Software Foundation//DTD Tiles Configuration 2.0//EN"
       "http://tiles.apache.org/dtds/tiles-config_2_0.dtd">
<tiles-definitions>
    <definition name="base.definition"
        template="Layout.jsp">
        <put-attribute name="title" value="" />
        <put-attribute name="header" value="/Header.jsp" />
        <put-attribute name="menu" value="/Menu.jsp" />
        <put-attribute name="body" value="" />
        <put-attribute name="footer" value="/Footer.jsp" />
    </definition>
      <definition name="Register.definition" extends="base.definition">
        <put-attribute name="title" value="Enter Personal Details" />
        <put-attribute name="body" value="/Register.jsp" />
    </definition>
    <definition name="Register.success.definition" extends="base.definition">
        <put-attribute name="title" value="Person Details" />
        <put-attribute name="body" value="/success_person.jsp" />
    </definition>
    <definition name="About.definition" extends="base.definition">
        <put-attribute name="title" value="Person Details" />
        <put-attribute name="body" value="/About.jsp" />
    </definition>
 <definition name="Contact.definition" extends="base.definition">
        <put-attribute name="title" value="Person Details" />
        <put-attribute name="body" value="/Contact.jsp" />
    </definition>
</tiles-definitions>